-- 这个种子只用于本地联调，方便直接验证 admin 登录、刷新、列表与分页。
INSERT OR IGNORE INTO users (id, status, display_name, primary_email_id, created_at_ms, updated_at_ms, last_login_at_ms)
VALUES
  ('019e0c99-85c9-7c13-a83c-2e0210f6fb9f', 'active', 'Local Admin', '019e0c99-85c9-7c13-a83c-2e035a7927c5', 1746816000000, 1746816000000, NULL),
  ('019e0c99-85c9-7c13-a83c-2e0681877bba', 'active', 'Local Staff', '019e0c99-85c9-7c13-a83c-2e08d746c47f', 1746816000000, 1746816000000, NULL),
  ('019e0d00-85c9-7c13-a83c-2e0000000001', 'active', 'Local User 01', '019e0d00-85c9-7c13-a83c-2e1000000001', 1746816001000, 1746816001000, NULL),
  ('019e0d00-85c9-7c13-a83c-2e0000000002', 'active', 'Local User 02', '019e0d00-85c9-7c13-a83c-2e1000000002', 1746816002000, 1746816002000, NULL),
  ('019e0d00-85c9-7c13-a83c-2e0000000003', 'active', 'Local User 03', '019e0d00-85c9-7c13-a83c-2e1000000003', 1746816003000, 1746816003000, NULL),
  ('019e0d00-85c9-7c13-a83c-2e0000000004', 'active', 'Local User 04', '019e0d00-85c9-7c13-a83c-2e1000000004', 1746816004000, 1746816004000, NULL),
  ('019e0d00-85c9-7c13-a83c-2e0000000005', 'active', 'Local User 05', '019e0d00-85c9-7c13-a83c-2e1000000005', 1746816005000, 1746816005000, NULL),
  ('019e0d00-85c9-7c13-a83c-2e0000000006', 'active', 'Local User 06', '019e0d00-85c9-7c13-a83c-2e1000000006', 1746816006000, 1746816006000, NULL),
  ('019e0d00-85c9-7c13-a83c-2e0000000007', 'active', 'Local User 07', '019e0d00-85c9-7c13-a83c-2e1000000007', 1746816007000, 1746816007000, NULL),
  ('019e0d00-85c9-7c13-a83c-2e0000000008', 'active', 'Local User 08', '019e0d00-85c9-7c13-a83c-2e1000000008', 1746816008000, 1746816008000, NULL),
  ('019e0d00-85c9-7c13-a83c-2e0000000009', 'active', 'Local User 09', '019e0d00-85c9-7c13-a83c-2e1000000009', 1746816009000, 1746816009000, NULL),
  ('019e0d00-85c9-7c13-a83c-2e0000000010', 'active', 'Local User 10', '019e0d00-85c9-7c13-a83c-2e1000000010', 1746816010000, 1746816010000, NULL);

INSERT OR IGNORE INTO user_emails (id, user_id, email, normalized_email, is_primary, is_verified, verified_at_ms, source, created_at_ms, updated_at_ms)
VALUES
  ('019e0c99-85c9-7c13-a83c-2e035a7927c5', '019e0c99-85c9-7c13-a83c-2e0210f6fb9f', 'admin@example.com', 'admin@example.com', 1, 1, 1746816000000, 'password', 1746816000000, 1746816000000),
  ('019e0c99-85c9-7c13-a83c-2e08d746c47f', '019e0c99-85c9-7c13-a83c-2e0681877bba', 'staff@example.com', 'staff@example.com', 1, 1, 1746816000000, 'password', 1746816000000, 1746816000000),
  ('019e0d00-85c9-7c13-a83c-2e1000000001', '019e0d00-85c9-7c13-a83c-2e0000000001', 'user01@example.com', 'user01@example.com', 1, 1, 1746816001000, 'password', 1746816001000, 1746816001000),
  ('019e0d00-85c9-7c13-a83c-2e1000000002', '019e0d00-85c9-7c13-a83c-2e0000000002', 'user02@example.com', 'user02@example.com', 1, 1, 1746816002000, 'password', 1746816002000, 1746816002000),
  ('019e0d00-85c9-7c13-a83c-2e1000000003', '019e0d00-85c9-7c13-a83c-2e0000000003', 'user03@example.com', 'user03@example.com', 1, 1, 1746816003000, 'password', 1746816003000, 1746816003000),
  ('019e0d00-85c9-7c13-a83c-2e1000000004', '019e0d00-85c9-7c13-a83c-2e0000000004', 'user04@example.com', 'user04@example.com', 1, 1, 1746816004000, 'password', 1746816004000, 1746816004000),
  ('019e0d00-85c9-7c13-a83c-2e1000000005', '019e0d00-85c9-7c13-a83c-2e0000000005', 'user05@example.com', 'user05@example.com', 1, 1, 1746816005000, 'password', 1746816005000, 1746816005000),
  ('019e0d00-85c9-7c13-a83c-2e1000000006', '019e0d00-85c9-7c13-a83c-2e0000000006', 'user06@example.com', 'user06@example.com', 1, 1, 1746816006000, 'password', 1746816006000, 1746816006000),
  ('019e0d00-85c9-7c13-a83c-2e1000000007', '019e0d00-85c9-7c13-a83c-2e0000000007', 'user07@example.com', 'user07@example.com', 1, 1, 1746816007000, 'password', 1746816007000, 1746816007000),
  ('019e0d00-85c9-7c13-a83c-2e1000000008', '019e0d00-85c9-7c13-a83c-2e0000000008', 'user08@example.com', 'user08@example.com', 1, 1, 1746816008000, 'password', 1746816008000, 1746816008000),
  ('019e0d00-85c9-7c13-a83c-2e1000000009', '019e0d00-85c9-7c13-a83c-2e0000000009', 'user09@example.com', 'user09@example.com', 1, 1, 1746816009000, 'password', 1746816009000, 1746816009000),
  ('019e0d00-85c9-7c13-a83c-2e1000000010', '019e0d00-85c9-7c13-a83c-2e0000000010', 'user10@example.com', 'user10@example.com', 1, 1, 1746816010000, 'password', 1746816010000, 1746816010000);

INSERT OR IGNORE INTO password_credentials (id, user_id, email_id, password_hash, password_algo, password_updated_at_ms, failed_attempts, locked_until_ms, must_reset_password, created_at_ms, updated_at_ms)
VALUES
  ('019e0c99-85c9-7c13-a83c-2e0411494743', '019e0c99-85c9-7c13-a83c-2e0210f6fb9f', '019e0c99-85c9-7c13-a83c-2e035a7927c5', '$2b$10$WZF9xjyodHnKM2ajdGC.6.C965rG4wNBkdK5aD9Y0WOFi3j8mCTum', 'bcrypt', 1746816000000, 0, NULL, 0, 1746816000000, 1746816000000),
  ('019e0c99-85c9-7c13-a83c-2e094da9a3db', '019e0c99-85c9-7c13-a83c-2e0681877bba', '019e0c99-85c9-7c13-a83c-2e08d746c47f', '$2b$10$WZF9xjyodHnKM2ajdGC.6.C965rG4wNBkdK5aD9Y0WOFi3j8mCTum', 'bcrypt', 1746816000000, 0, NULL, 0, 1746816000000, 1746816000000),
  ('019e0d00-85c9-7c13-a83c-2e2000000001', '019e0d00-85c9-7c13-a83c-2e0000000001', '019e0d00-85c9-7c13-a83c-2e1000000001', '$2b$10$WZF9xjyodHnKM2ajdGC.6.C965rG4wNBkdK5aD9Y0WOFi3j8mCTum', 'bcrypt', 1746816001000, 0, NULL, 0, 1746816001000, 1746816001000),
  ('019e0d00-85c9-7c13-a83c-2e2000000002', '019e0d00-85c9-7c13-a83c-2e0000000002', '019e0d00-85c9-7c13-a83c-2e1000000002', '$2b$10$WZF9xjyodHnKM2ajdGC.6.C965rG4wNBkdK5aD9Y0WOFi3j8mCTum', 'bcrypt', 1746816002000, 0, NULL, 0, 1746816002000, 1746816002000),
  ('019e0d00-85c9-7c13-a83c-2e2000000003', '019e0d00-85c9-7c13-a83c-2e0000000003', '019e0d00-85c9-7c13-a83c-2e1000000003', '$2b$10$WZF9xjyodHnKM2ajdGC.6.C965rG4wNBkdK5aD9Y0WOFi3j8mCTum', 'bcrypt', 1746816003000, 0, NULL, 0, 1746816003000, 1746816003000),
  ('019e0d00-85c9-7c13-a83c-2e2000000004', '019e0d00-85c9-7c13-a83c-2e0000000004', '019e0d00-85c9-7c13-a83c-2e1000000004', '$2b$10$WZF9xjyodHnKM2ajdGC.6.C965rG4wNBkdK5aD9Y0WOFi3j8mCTum', 'bcrypt', 1746816004000, 0, NULL, 0, 1746816004000, 1746816004000),
  ('019e0d00-85c9-7c13-a83c-2e2000000005', '019e0d00-85c9-7c13-a83c-2e0000000005', '019e0d00-85c9-7c13-a83c-2e1000000005', '$2b$10$WZF9xjyodHnKM2ajdGC.6.C965rG4wNBkdK5aD9Y0WOFi3j8mCTum', 'bcrypt', 1746816005000, 0, NULL, 0, 1746816005000, 1746816005000),
  ('019e0d00-85c9-7c13-a83c-2e2000000006', '019e0d00-85c9-7c13-a83c-2e0000000006', '019e0d00-85c9-7c13-a83c-2e1000000006', '$2b$10$WZF9xjyodHnKM2ajdGC.6.C965rG4wNBkdK5aD9Y0WOFi3j8mCTum', 'bcrypt', 1746816006000, 0, NULL, 0, 1746816006000, 1746816006000),
  ('019e0d00-85c9-7c13-a83c-2e2000000007', '019e0d00-85c9-7c13-a83c-2e0000000007', '019e0d00-85c9-7c13-a83c-2e1000000007', '$2b$10$WZF9xjyodHnKM2ajdGC.6.C965rG4wNBkdK5aD9Y0WOFi3j8mCTum', 'bcrypt', 1746816007000, 0, NULL, 0, 1746816007000, 1746816007000),
  ('019e0d00-85c9-7c13-a83c-2e2000000008', '019e0d00-85c9-7c13-a83c-2e0000000008', '019e0d00-85c9-7c13-a83c-2e1000000008', '$2b$10$WZF9xjyodHnKM2ajdGC.6.C965rG4wNBkdK5aD9Y0WOFi3j8mCTum', 'bcrypt', 1746816008000, 0, NULL, 0, 1746816008000, 1746816008000),
  ('019e0d00-85c9-7c13-a83c-2e2000000009', '019e0d00-85c9-7c13-a83c-2e0000000009', '019e0d00-85c9-7c13-a83c-2e1000000009', '$2b$10$WZF9xjyodHnKM2ajdGC.6.C965rG4wNBkdK5aD9Y0WOFi3j8mCTum', 'bcrypt', 1746816009000, 0, NULL, 0, 1746816009000, 1746816009000),
  ('019e0d00-85c9-7c13-a83c-2e2000000010', '019e0d00-85c9-7c13-a83c-2e0000000010', '019e0d00-85c9-7c13-a83c-2e1000000010', '$2b$10$WZF9xjyodHnKM2ajdGC.6.C965rG4wNBkdK5aD9Y0WOFi3j8mCTum', 'bcrypt', 1746816010000, 0, NULL, 0, 1746816010000, 1746816010000);

INSERT OR IGNORE INTO user_role_bindings (id, user_id, role_id, status, granted_at_ms, revoked_at_ms)
VALUES
  ('019e0c99-85c9-7c13-a83c-2e059dcee3f9', '019e0c99-85c9-7c13-a83c-2e0210f6fb9f', '019e0c99-85c9-7c13-a83c-2e00a09d54e3', 'active', 1746816000000, NULL),
  ('019e0c99-85c9-7c13-a83c-2e0a1ccee3f9', '019e0c99-85c9-7c13-a83c-2e0681877bba', '019e0c99-85c9-7c13-a83c-2e01e71bd511', 'active', 1746816000000, NULL),
  ('019e0c99-85c9-7c13-a83c-2e0b1ccee3f9', '019e0d00-85c9-7c13-a83c-2e0000000001', '019e0c99-85c9-7c13-a83c-2e01e71bd599', 'active', 1746816001000, NULL),
  ('019e0c99-85c9-7c13-a83c-2e0c1ccee3f9', '019e0d00-85c9-7c13-a83c-2e0000000002', '019e0c99-85c9-7c13-a83c-2e00a09d54e3', 'active', 1746816002000, NULL),
  ('019e0c99-85c9-7c13-a83c-2e0d1ccee3f9', '019e0d00-85c9-7c13-a83c-2e0000000003', '019e0c99-85c9-7c13-a83c-2e01e71bd511', 'active', 1746816003000, NULL),
  ('019e0c99-85c9-7c13-a83c-2e0e1ccee3f9', '019e0d00-85c9-7c13-a83c-2e0000000004', '019e0c99-85c9-7c13-a83c-2e00a09d54e3', 'active', 1746816004000, NULL),
  ('019e0c99-85c9-7c13-a83c-2e0f1ccee3f9', '019e0d00-85c9-7c13-a83c-2e0000000005', '019e0c99-85c9-7c13-a83c-2e01e71bd511', 'active', 1746816005000, NULL),
  ('019e0c99-85c9-7c13-a83c-2e101ccee3f9', '019e0d00-85c9-7c13-a83c-2e0000000006', '019e0c99-85c9-7c13-a83c-2e00a09d54e3', 'active', 1746816006000, NULL),
  ('019e0c99-85c9-7c13-a83c-2e111ccee3f9', '019e0d00-85c9-7c13-a83c-2e0000000007', '019e0c99-85c9-7c13-a83c-2e01e71bd511', 'active', 1746816007000, NULL),
  ('019e0c99-85c9-7c13-a83c-2e121ccee3f9', '019e0d00-85c9-7c13-a83c-2e0000000008', '019e0c99-85c9-7c13-a83c-2e00a09d54e3', 'active', 1746816008000, NULL),
  ('019e0c99-85c9-7c13-a83c-2e131ccee3f9', '019e0d00-85c9-7c13-a83c-2e0000000009', '019e0c99-85c9-7c13-a83c-2e01e71bd511', 'active', 1746816009000, NULL),
  ('019e0c99-85c9-7c13-a83c-2e141ccee3f9', '019e0d00-85c9-7c13-a83c-2e0000000010', '019e0c99-85c9-7c13-a83c-2e00a09d54e3', 'active', 1746816010000, NULL);

UPDATE user_role_bindings
SET role_id = '019e0c99-85c9-7c13-a83c-2e01e71bd599'
WHERE id = '019e0c99-85c9-7c13-a83c-2e0b1ccee3f9';
